[{"Amount":39.43,"CardBrand":null,"CardNo":null,"Currency":"EUR","OrderId":"DAB39696","PayId":"1001585923","Quantity":0,"Status":"5","TrxDate":"\/Date(1442354400000+0200)\/","UserId":1},{"Amount":15.89,"CardBrand":null,"CardNo":null,"Currency":"EUR","OrderId":"67F89FC3","PayId":"1001585930","Quantity":2,"Status":"5","TrxDate":"\/Date(1442354400000+0200)\/","UserId":1},{"Amount":163.669,"CardBrand":null,"CardNo":null,"Currency":"EUR","OrderId":"14CA6765","PayId":"1001585996","Quantity":2,"Status":"5","TrxDate":"\/Date(1442354400000+0200)\/","UserId":1},{"Amount":81.306,"CardBrand":null,"CardNo":null,"Currency":"EUR","OrderId":"440FF63A","PayId":"1001585997","Quantity":7,"Status":"5","TrxDate":"\/Date(1442354400000+0200)\/","UserId":2},{"Amount":17.099,"CardBrand":null,"CardNo":null,"Currency":"EUR","OrderId":"DAFE5130","PayId":"1001586163","Quantity":3,"Status":"5","TrxDate":"\/Date(1442354400000+0200)\/","UserId":1},{"Amount":4.67,"CardBrand":null,"CardNo":null,"Currency":"EUR","OrderId":"5DC32A6D","PayId":"1001586169","Quantity":3,"Status":"5","TrxDate":"\/Date(1442354400000+0200)\/","UserId":1},{"Amount":8.5,"CardBrand":null,"CardNo":null,"Currency":"EUR","OrderId":"ACD49351","PayId":"1001586173","Quantity":4,"Status":"5","TrxDate":"\/Date(1442354400000+0200)\/","UserId":1},{"Amount":12.25,"CardBrand":null,"CardNo":null,"Currency":"EUR","OrderId":"31819EF7","PayId":"1001586212","Quantity":6,"Status":"5","TrxDate":"\/Date(1442354400000+0200)\/","UserId":1},{"Amount":70.62,"CardBrand":null,"CardNo":null,"Currency":"EUR","OrderId":"6387D741","PayId":"1001586216","Quantity":3,"Status":"5","TrxDate":"\/Date(1442354400000+0200)\/","UserId":1},{"Amount":17.099,"CardBrand":null,"CardNo":null,"Currency":"EUR","OrderId":"FF9366CB","PayId":"1001586539","Quantity":3,"Status":"5","TrxDate":"\/Date(1442440800000+0200)\/","UserId":1},{"Amount":17.099,"CardBrand":null,"CardNo":null,"Currency":"EUR","OrderId":"395883FD","PayId":"1001586543","Quantity":3,"Status":"5","TrxDate":"\/Date(1442440800000+0200)\/","UserId":2},{"Amount":5.46,"CardBrand":null,"CardNo":null,"Currency":"EUR","OrderId":"8E6970B9","PayId":"1001586546","Quantity":3,"Status":"5","TrxDate":"\/Date(1442440800000+0200)\/","UserId":2},{"Amount":17.099,"CardBrand":null,"CardNo":null,"Currency":"EUR","OrderId":"2276A16","PayId":"0","Quantity":3,"Status":"0","TrxDate":"\/Date(1442495884317+0200)\/","UserId":1},{"Amount":17.099,"CardBrand":null,"CardNo":null,"Currency":"EUR","OrderId":"303524F8","PayId":"1001586853","Quantity":3,"Status":"5","TrxDate":"\/Date(1442498487711+0200)\/","UserId":1},{"Amount":17.099,"CardBrand":null,"CardNo":null,"Currency":"EUR","OrderId":"13CB33ED","PayId":"1001588406","Quantity":3,"Status":"5","TrxDate":"\/Date(1442825706173+0200)\/","UserId":1},{"Amount":17.099,"CardBrand":null,"CardNo":null,"Currency":"EUR","OrderId":"65C12266","PayId":"1001588414","Quantity":3,"Status":"5","TrxDate":"\/Date(1442825843371+0200)\/","UserId":1},{"Amount":17.099,"CardBrand":null,"CardNo":null,"Currency":"EUR","OrderId":"149B241A","PayId":"1001588497","Quantity":3,"Status":"5","TrxDate":"\/Date(1442833445431+0200)\/","UserId":1},{"Amount":60.719,"CardBrand":null,"CardNo":null,"Currency":"EUR","OrderId":"23DF39C4","PayId":"1001588498","Quantity":3,"Status":"5","TrxDate":"\/Date(1442833463629+0200)\/","UserId":1},{"Amount":6.25,"CardBrand":null,"CardNo":null,"Currency":"EUR","OrderId":"19C442E7","PayId":"1001588575","Quantity":3,"Status":"5","TrxDate":"\/Date(1442836856862+0200)\/","UserId":1},{"Amount":17.099,"CardBrand":null,"CardNo":null,"Currency":"EUR","OrderId":"7153B6FF","PayId":"1001588588","Quantity":3,"Status":"5","TrxDate":"\/Date(1442838324817+0200)\/","UserId":1},{"Amount":17.099,"CardBrand":null,"CardNo":null,"Currency":"EUR","OrderId":"C1A2155F","PayId":"1001588590","Quantity":3,"Status":"5","TrxDate":"\/Date(1442838453970+0200)\/","UserId":1},{"Amount":17.099,"CardBrand":null,"CardNo":null,"Currency":"EUR","OrderId":"EC4917E5","PayId":"1001588591","Quantity":3,"Status":"5","TrxDate":"\/Date(1442838499735+0200)\/","UserId":1},{"Amount":17.099,"CardBrand":null,"CardNo":null,"Currency":"EUR","OrderId":"FD624291","PayId":"1001588592","Quantity":3,"Status":"5","TrxDate":"\/Date(1442838528192+0200)\/","UserId":1},{"Amount":4.67,"CardBrand":null,"CardNo":null,"Currency":"EUR","OrderId":"82EA15AE","PayId":"1001588626","Quantity":3,"Status":"5","TrxDate":"\/Date(1442842647258+0200)\/","UserId":1},{"Amount":1178.25,"CardBrand":null,"CardNo":null,"Currency":"EUR","OrderId":"A379F05F","PayId":"1001588627","Quantity":3,"Status":"5","TrxDate":"\/Date(1442842776486+0200)\/","UserId":1},{"Amount":2.25,"CardBrand":null,"CardNo":null,"Currency":"EUR","OrderId":"F796029B","PayId":"1001588628","Quantity":1,"Status":"5","TrxDate":"\/Date(1442842882805+0200)\/","UserId":1},{"Amount":17.099,"CardBrand":null,"CardNo":null,"Currency":"EUR","OrderId":"7D3DC70E","PayId":"1001588635","Quantity":3,"Status":"5","TrxDate":"\/Date(1442843897890+0200)\/","UserId":1},{"Amount":5.88,"CardBrand":null,"CardNo":null,"Currency":"EUR","OrderId":"E1D91606","PayId":"1001588639","Quantity":4,"Status":"5","TrxDate":"\/Date(1442844521221+0200)\/","UserId":1},{"Amount":70.62,"CardBrand":null,"CardNo":null,"Currency":"EUR","OrderId":"FA1E0DA3","PayId":"1001588640","Quantity":3,"Status":"5","TrxDate":"\/Date(1442844536202+0200)\/","UserId":1},{"Amount":23.54,"CardBrand":null,"CardNo":null,"Currency":"EUR","OrderId":"D5339E7C","PayId":"1001755835","Quantity":2,"Status":"5","TrxDate":"\/Date(1443045600000+0200)\/","UserId":1},{"Amount":49,"CardBrand":null,"CardNo":null,"Currency":"EUR","OrderId":"C0D22B07","PayId":"1001755882","Quantity":1,"Status":"5","TrxDate":"\/Date(1443132000000+0200)\/","UserId":1},{"Amount":17.099,"CardBrand":null,"CardNo":null,"Currency":"EUR","OrderId":"965C7A09","PayId":"1001756953","Quantity":3,"Status":"5","TrxDate":"\/Date(1443391200000+0200)\/","UserId":1},{"Amount":17.099,"CardBrand":null,"CardNo":null,"Currency":"EUR","OrderId":"BFDBAC8","PayId":"1001759680","Quantity":3,"Status":"5","TrxDate":"\/Date(1443697125983+0200)\/","UserId":1}]